Pilares|Pillars|Pilares
Workflow Real|Real workflow|Flujo de trabajo real
A Abordagem|Our approach|Nuestro enfoque
Planos|Plans|Planes
Entrar|Sign in|Iniciar sesión
Experimentar na Prática|Try it yourself|Pruébalo
Experimentar na prática|Try it yourself|Pruébalo
Plataforma de Prescrição e Acompanhamento|Training prescription and tracking platform|Plataforma de prescripción y seguimiento
O software de treino e prescrição feito para quem vive da prática.|Training software built for people who live the practice.|Software de entrenamiento para quienes viven la práctica.
Criado para personal trainers, preparadores físicos e academias que precisam de velocidade na montagem de treinos, acompanhamento real de atletas e gestão sem ruído.|Built for coaches and gyms that need fast programming, athlete tracking and straightforward management.|Creado para entrenadores y gimnasios que necesitan programar rápido, acompañar a sus atletas y gestionar sin complicaciones.
Ver demonstração interativa|View interactive demo|Ver demostración interactiva
Semana 3 • Bloco Hipertrofia|Week 3 • Hypertrophy block|Semana 3 • Bloque de hipertrofia
Objetivo: Força & Hipertrofia Inferiores • 4 treinos semanais|Goal: Lower-body strength & hypertrophy • 4 weekly workouts|Objetivo: Fuerza e hipertrofia del tren inferior • 4 entrenamientos semanales
Aderência Recente|Recent adherence|Adherencia reciente
12 de 12 sessões|12 of 12 sessions|12 de 12 sesiones
Última Atualização|Last updated|Última actualización
Hoje, 09:40|Today, 09:40|Hoy, 09:40
Sessão A • Cadeira Posterior & Extensão de Quadril|Session A • Posterior chain & hip extension|Sesión A • Cadena posterior y extensión de cadera
Tempo total previsto: 55 min • Ênfase em controle excêntrico|Estimated duration: 55 min • Eccentric control|Duración estimada: 55 min • Control excéntrico
Volume equalizado: 14 séries|Equalized volume: 14 sets|Volumen igualado: 14 series
Levantamento Terra Romeno (RDL)|Romanian deadlift (RDL)|Peso muerto rumano (RDL)
• Barra Olímpica|• Olympic barbell|• Barra olímpica
Cadência:|Tempo:|Cadencia:
Descanso:|Rest:|Descanso:
1ª série|1st set|1.ª serie
2ª série|2nd set|2.ª serie
3ª série|3rd set|3.ª serie
Mesa Flexora Unilateral|Single-leg lying curl|Curl femoral unilateral tumbado
• Foco em pico de contração|• Focus on peak contraction|• Énfasis en contracción máxima
90 seg|90 sec|90 s
Série 1|Set 1|Serie 1
Série 2|Set 2|Serie 2
Série 3|Set 3|Serie 3
Orientação ao atleta:|Athlete instructions:|Indicaciones al atleta:
Manter escápulas ativadas e joelho destravado na fase excêntrica do RDL. Registrar carga e percepção de esforço imediatamente ao fim da sessão.|Keep shoulder blades engaged and knees soft during the eccentric phase. Log load and perceived effort after the session.|Mantén las escápulas activas y las rodillas desbloqueadas durante la fase excéntrica. Registra carga y esfuerzo al terminar.
A Essência da Ferramenta|The essentials|Lo esencial de la herramienta
Menos cliques e zero burocracia. O foco no que gera resultado.|Fewer clicks, no paperwork. Focus on results.|Menos clics, sin burocracia. Enfócate en los resultados.
Desenvolvido para atender a realidade diária de quem atende múltiplos alunos, precisa periodizar com precisão e não tem tempo a perder com interfaces lentas.|Built for coaches who manage multiple athletes, need precise periodization and have no time for slow interfaces.|Para quienes atienden a varios alumnos, necesitan periodizar con precisión y no tienen tiempo para interfaces lentas.
01. PRESCRIÇÃO ÁGIL|01. FAST PROGRAMMING|01. PRESCRIPCIÓN ÁGIL
Prescrição Rápida & Gestão de Cargas|Fast programming & load management|Prescripción rápida y gestión de cargas
Monte fichas completas em minutos com suporte a cadência, repetições em reserva (RIR) e progressão de tonelagem semanal. Copie, adapte e aplique blocos inteiros sem retrabalho.|Build programs in minutes with tempo, reps in reserve (RIR) and weekly volume progression. Copy, adapt and assign entire blocks.|Crea rutinas en minutos con cadencia, repeticiones en reserva (RIR) y progresión semanal. Copia, adapta y asigna bloques completos.
Histórico claro de cargas e progressão real por exercício|Clear load history and exercise progression|Historial claro de cargas y progresión por ejercicio
Biblioteca objetiva com variações articulares testadas|Focused library with tested movement variations|Biblioteca práctica con variantes de movimiento probadas
02. APP DO ALUNO|02. ATHLETE APP|02. APP DEL ALUMNO
Acompanhamento Real & Feedback Direto|Real tracking & direct feedback|Seguimiento real y comentarios directos
O aluno abre o app e vê exatamente o que precisa fazer: sem enrolação, cronômetro automático de descanso e campo de anotação de carga fácil de usar no meio do treino.|Athletes see exactly what to do, with a rest timer and easy load logging during training.|El alumno ve exactamente qué hacer, con temporizador de descanso y registro de cargas durante el entrenamiento.
Registro de séries com um toque e histórico acessível|One-tap set logging and accessible history|Registro de series con un toque e historial accesible
Fotos comparativas e medidas corporais consolidadas|Progress photos and body measurements together|Fotos comparativas y medidas corporales en un solo lugar
03. GESTÃO & OPERAÇÃO|03. MANAGEMENT & OPERATIONS|03. GESTIÓN Y OPERACIÓN
Operação & Cobrança sem Fricção|Smooth operations & billing|Operación y cobros sin complicaciones
Cobranças recorrentes via Pix e cartão automatizadas, controle de vencimentos e integração para academias e estúdios que usam catracas físicas e controle de acesso.|Recurring Pix and card billing, due-date tracking and access control integration.|Cobros recurrentes por Pix y tarjeta, control de vencimientos e integración de control de acceso.
Régua automática de renovação sem constrangimento|Automatic renewal reminders|Recordatorios automáticos de renovación
Suporte a catracas locais para estúdios e boxes|Local turnstile support for studios|Soporte para torniquetes locales
Eficiência Comprovada|Proven efficiency|Eficiencia comprobada
De 40 minutos para 4 minutos por ficha de treino.|From 40 minutes to 4 minutes per program.|De 40 minutos a 4 minutos por rutina.
O tempo gasto montando PDFs ou planilhas confusas é o tempo que você deixa de usar para captar novos clientes ou atender seus atletas na sala de musculação.|Time spent making PDFs and spreadsheets could be spent finding clients or coaching athletes.|El tiempo dedicado a crear PDF y hojas de cálculo podría usarse para captar clientes o atender a tus atletas.
Estruture o bloco|Structure the block|Estructura el bloque
Selecione objetivos, número de semanas e divisão de dias em poucos cliques.|Choose goals, weeks and training split in a few clicks.|Elige objetivos, semanas y distribución de días en pocos clics.
Puxe da sua biblioteca pessoal|Pick from your personal library|Elige de tu biblioteca personal
Use seus exercícios favoritos ou salve combinações recorrentes para reutilizar.|Use favorite exercises or save combinations to reuse.|Usa tus ejercicios favoritos o guarda combinaciones para reutilizarlas.
Envio imediato ao app do aluno|Send straight to the athlete's app|Envío inmediato a la app del alumno
Sem download de arquivos pesados. O treino sincroniza na hora com vídeos e notas.|No large downloads. Workouts sync with videos and notes.|Sin archivos pesados. El entrenamiento se sincroniza con vídeos y notas.
Biblioteca de Exercícios & Padrões|Exercise & movement library|Biblioteca de ejercicios y patrones
Filtro: Posterior de Coxa|Filter: Hamstrings|Filtro: Isquiotibiales
Stiff com Barra|Barbell stiff-leg deadlift|Peso muerto con piernas rígidas
Cadeia posterior • Extensão de quadril pura|Posterior chain • Hip extension|Cadena posterior • Extensión de cadera
Inserir no Treino|Add to workout|Añadir al entrenamiento
Cadeira Flexora|Seated leg curl|Curl femoral sentado
Isolador • Flexão de joelho em 90° de quadril|Isolation • Knee flexion at 90° hip angle|Aislamiento • Flexión de rodilla con cadera a 90°
Elevação Pélvica com Barra|Barbell hip thrust|Hip thrust con barra
Glúteo máximo • Pico encurtado|Gluteus maximus • Shortened contraction|Glúteo mayor • Contracción acortada
Personalize cadências, vídeos demonstrativos e orientações específicas.|Customize tempo, demo videos and instructions.|Personaliza cadencias, vídeos e indicaciones.
Auto-save ativo|Autosave enabled|Guardado automático activo
A Realidade de Quem Usa|From people who use it|La experiencia de quienes lo usan
Criado a partir da rotina diária no salão de musculação.|Built around everyday life on the gym floor.|Creado a partir del día a día en el gimnasio.
Investimento Claro|Clear pricing|Precios claros
Planos diretos para cada estágio da sua atuação.|Straightforward plans for every stage.|Planes claros para cada etapa.
Sem taxas ocultas de matrícula ou fidelidade forçada. Cancele quando quiser.|No hidden fees or forced commitments. Cancel anytime.|Sin cargos ocultos ni permanencia obligatoria. Cancela cuando quieras.
Atleta Solo|Solo athlete|Atleta individual
Para quem treina por conta própria e quer registrar histórico de cargas, cadência e evolução corporal.|For independent athletes tracking loads, tempo and body progress.|Para quienes entrenan por su cuenta y registran cargas, cadencia y evolución corporal.
/mês|/month|/mes
Cobrado anualmente ou R$ 39 no mensal|Billed annually or R$39 monthly|Facturación anual o R$39 al mes
Registro completo de treinos e cargas|Complete workout and load tracking|Registro completo de entrenamientos y cargas
Cronômetro inteligente de recuperação|Smart rest timer|Temporizador de recuperación
Histórico fotográfico e medidas|Photo history and measurements|Historial fotográfico y medidas
Começar Assinatura|Start subscription|Iniciar suscripción
PROFISSIONAL|PROFESSIONAL|PROFESIONAL
Para treinadores gerenciarem suas consultorias presenciais e online com agilidade e cobrança integrada.|For in-person and online coaching with integrated billing.|Para asesorías presenciales y online con cobros integrados.
Cobrado anualmente ou R$ 119 no mensal|Billed annually or R$119 monthly|Facturación anual o R$119 al mes
Até 50 alunos ativos simultâneos|Up to 50 active athletes|Hasta 50 alumnos activos
Montagem de treinos e blocos ilimitados|Unlimited workouts and blocks|Rutinas y bloques ilimitados
Cobrança recorrente automática via Pix|Automatic recurring Pix payments|Cobros recurrentes automáticos por Pix
Sua logomarca no aplicativo do aluno|Your logo in the athlete's app|Tu logotipo en la app del alumno
Testar 14 Dias Grátis|Try 14 days free|Prueba 14 días gratis
ESTÚDIOS & BOXES|STUDIOS & BOXES|ESTUDIOS Y BOXES
Gestão de Unidade|Facility management|Gestión de unidades
Estrutura completa com equipe de professores, recepção e controle de catracas locais.|Complete setup for coaches, reception and local access control.|Estructura completa para profesores, recepción y control de acceso.
Por unidade física ativa|Per active facility|Por unidad física activa
Alunos ilimitados no banco de dados|Unlimited athletes|Alumnos ilimitados
Acesso para múltiplos professores|Multi-coach access|Acceso para varios profesores
Integração com catracas (Hikvision, Control iD)|Turnstile integration (Hikvision, Control iD)|Integración con torniquetes (Hikvision, Control iD)
Suporte prioritário via WhatsApp|Priority WhatsApp support|Soporte prioritario por WhatsApp
Falar com Consultor|Talk to an advisor|Hablar con un asesor
Demonstração Interativa|Interactive demo|Demostración interactiva
Cancelar|Cancel|Cancelar
Iniciar Demonstração|Start demo|Iniciar demostración
Software de Prescrição & Gestão Atlética|Training prescription & athlete management software|Software de prescripción y gestión atlética
Área do Cliente|Client area|Área del cliente
Suporte Técnico|Technical support|Soporte técnico
Privacidade|Privacy|Privacidad
Termos de Uso|Terms of use|Términos de uso
Bom ter você de volta.|Good to have you back.|Qué bueno tenerte de vuelta.
Acesse seu workspace de performance física.|Access your training workspace.|Accede a tu espacio de entrenamiento.
E-mail|Email|Correo electrónico
Senha|Password|Contraseña
Confirmar senha|Confirm password|Confirmar contraseña
Esqueceu sua senha?|Forgot your password?|¿Olvidaste tu contraseña?
Manter sessão ativa neste dispositivo|Keep me signed in on this device|Mantener la sesión iniciada en este dispositivo
Entrar no Workspace|Sign in to your workspace|Entrar al espacio de trabajo
Continuar com Google Workspace|Continue with Google|Continuar con Google
Acesso via Passkey / Biometria|Passkey / biometric access|Acceso con passkey / biometría
Ainda não possui acesso profissional?|Don't have an account yet?|¿Todavía no tienes una cuenta?
Cadastre-se|Create an account|Crear una cuenta
ShapeUp Workspace • Infraestrutura local e em nuvem criptografada|ShapeUp Workspace • Encrypted local and cloud infrastructure|ShapeUp Workspace • Infraestructura local y en la nube cifrada
Ambiente Seguro ShapeUp|Secure ShapeUp environment|Entorno seguro ShapeUp
Workspace de Performance Atlética|Athletic performance workspace|Espacio de rendimiento atlético
Ambiente restrito e isolado para prescrição, periodização e acompanhamento de biofeedback físico de alto nível.|A dedicated workspace for programming, periodization and performance tracking.|Un espacio dedicado a la prescripción, periodización y seguimiento del rendimiento.
Criptografia e Proteção de Dados|Encryption and data protection|Cifrado y protección de datos
Prontuários e métricas periodizadas armazenados com isolamento estrito e conformidade LGPD.|Training records and metrics stored with access controls and LGPD compliance.|Registros y métricas almacenados con controles de acceso y cumplimiento de LGPD.
Sincronização Contínua em Nuvem|Continuous cloud sync|Sincronización continua en la nube
Redundância local ativa com restauração instantânea de sessões de treinamento.|Local redundancy with training session recovery.|Respaldo local con recuperación de sesiones de entrenamiento.
Todos os serviços operacionais|All services operational|Todos los servicios operativos
Criptografia ponta a ponta|End-to-end encryption|Cifrado de extremo a extremo
seu.email@exemplo.com|your.email@example.com|tu.correo@ejemplo.com
Alternar visibilidade da senha|Toggle password visibility|Alternar visibilidad de contraseña
Mostrar senha|Show password|Mostrar contraseña
Ocultar senha|Hide password|Ocultar contraseña
Selecione seu workspace|Choose your workspace|Elige tu espacio de trabajo
Passo 1 de 3:|Step 1 of 3:|Paso 1 de 3:
Passo 2 de 3:|Step 2 of 3:|Paso 2 de 3:
Passo 3 de 3:|Step 3 of 3:|Paso 3 de 3:
Identificação & Perfil de Uso|Identity & usage profile|Identificación y perfil de uso
Etapa 01/03|Step 01/03|Etapa 01/03
Etapa 02/03|Step 02/03|Etapa 02/03
Etapa 03/03|Step 03/03|Etapa 03/03
1. Perfil & Identificação|1. Profile & identity|1. Perfil e identificación
2. Credenciais|2. Credentials|2. Credenciales
3. Parâmetros|3. Details|3. Datos
Como você pretende usar o ShapeUp?|How will you use ShapeUp?|¿Cómo usarás ShapeUp?
Configure seu ambiente de trabalho de acordo com seu papel de atuação.|Set up your workspace for your role.|Configura tu espacio de trabajo según tu perfil.
Selecione seu perfil de configuração|Choose your profile|Elige tu perfil
Prescrição de treinos, periodização técnica, gestão de alunos e acompanhamento de cargas.|Workout programming, periodization, athlete management and load tracking.|Prescripción, periodización, gestión de alumnos y seguimiento de cargas.
Atleta / Aluno|Athlete / Client|Atleta / Alumno
Acesso ao plano prescrito, registro de cargas em tempo real, diário de nutrição e métricas corporais.|Access your program, log loads, track nutrition and body metrics.|Accede a tu rutina, registra cargas, nutrición y métricas corporales.
Gestor de Academia ou Studio|Gym or studio manager|Gestor de gimnasio o estudio
Controle de catracas e acessos em tempo real, fluxo de caixa, gestão de equipe e relatórios operacionais.|Access control, cash flow, staff management and operational reports.|Control de acceso, flujo de caja, gestión del equipo e informes operativos.
Dados de Identificação|Personal details|Datos de identificación
Nome completo|Full name|Nombre completo
E-mail profissional|Work email|Correo profesional
Telefone / WhatsApp com DDD|Phone / WhatsApp with area code|Teléfono / WhatsApp con código de área
Continuar configuração|Continue|Continuar
Já possui uma conta?|Already have an account?|¿Ya tienes una cuenta?
Seu nome completo|Your full name|Tu nombre completo
nome@dominio.com.br|name@example.com|nombre@ejemplo.com
Data de nascimento|Date of birth|Fecha de nacimiento
Voltar|Back|Volver
Concluir cadastro|Create account|Crear cuenta
Criando conta…|Creating account…|Creando cuenta…
Recuperação de Acesso|Account recovery|Recuperación de acceso
Autenticação • Proteção de Credenciais|Authentication • Credential protection|Autenticación • Protección de credenciales
E-mail cadastrado|Account email|Correo registrado
Formato inválido|Invalid format|Formato inválido
Enviar Link de Redefinição|Send reset link|Enviar enlace de restablecimiento
Tentar outro e-mail|Try another email|Probar otro correo
Voltar para o login|Back to sign in|Volver al inicio de sesión
E-mail de verificação despachado|Verification email sent|Correo de verificación enviado
30 minutos|30 minutes|30 minutos
Informe o e-mail associado à sua conta institucional ou pessoal. Enviaremos um link seguro para redefinição de senha com validade de 30 minutos.|Enter your account email. We will send a secure password reset link.|Introduce el correo de tu cuenta. Enviaremos un enlace seguro para restablecer la contraseña.
Dúvidas ou perda de acesso ao e-mail? Fale com a equipe de suporte ou com a administração da sua academia.|Questions or lost email access? Contact support or your gym administrator.|¿Dudas o pérdida de acceso al correo? Contacta con soporte o la administración de tu gimnasio.
Se o endereço|If the address|Si la dirección
existir em nossa base, as instruções de redefinição foram entregues com token unívoco.|exists in our system, reset instructions have been sent.|existe en nuestro sistema, se han enviado las instrucciones.
O link expira impreterivelmente em|The link expires in|El enlace caduca en
por razões de conformidade institucional.|for security reasons.|por motivos de seguridad.
ShapeUp Security Protocol • Criptografia ponta a ponta|ShapeUp Security Protocol • End-to-end encryption|ShapeUp Security Protocol • Cifrado de extremo a extremo
Traçar rota|Get directions|Cómo llegar
Período do gráfico|Chart period|Período del gráfico
Registre uma sessão para acompanhar sua evolução.|Log a session to track your progress.|Registra una sesión para seguir tu evolución.
Minha conta|My account|Mi cuenta
Meu Painel|My dashboard|Mi panel
Painel do Treinador|Coach dashboard|Panel del entrenador
Meus Alunos|My athletes|Mis alumnos
Criador & Periodização|Builder & periodization|Editor y periodización
Meus Treinos|My workouts|Mis entrenamientos
Biblioteca de Exercícios|Exercise library|Biblioteca de ejercicios
Painel Nutricional|Nutrition dashboard|Panel nutricional
Mensagens & Consultoria|Messages & coaching|Mensajes y asesoría
Relatórios|Reports|Informes
Análises|Analytics|Análisis
Meus Objetivos|My goals|Mis objetivos
Buscar Academias|Find gyms|Buscar gimnasios
Gestão Financeira|Financial management|Gestión financiera
Equipe|Staff|Equipo
Controle de Acesso|Access control|Control de acceso
Configurações|Settings|Configuración
Moderação de Alimentos|Food moderation|Moderación de alimentos
Recursos da Plataforma|Platform features|Funciones de la plataforma
Gestão Atlética|Athlete management|Gestión atlética
Atendimento & Sistema|Coaching & system|Atención y sistema
Encerrar sessão|Sign out|Cerrar sesión
Abrir menu|Open menu|Abrir menú
Fechar menu|Close menu|Cerrar menú
Conversas|Conversations|Conversaciones
Buscar conversa...|Search conversations...|Buscar conversación...
Você|You|Tú
Seu treinador|Your coach|Tu entrenador
Nenhuma mensagem nesta conversa.|No messages in this conversation.|No hay mensajes en esta conversación.
Enviar|Send|Enviar
Excluir|Delete|Eliminar
Salvar|Save|Guardar
Editar|Edit|Editar
Adicionar|Add|Añadir
Todos|All|Todos
Hoje|Today|Hoy
Filtros|Filters|Filtros
Pesquisar|Search|Buscar
Nome|Name|Nombre
Status|Status|Estado
Ações|Actions|Acciones
Detalhes|Details|Detalles
Fechar|Close|Cerrar
Ativo|Active|Activo
Pendente|Pending|Pendiente
Concluído|Completed|Completado
Nenhum aluno encontrado.|No athletes found.|No se encontraron alumnos.
Não foi possível carregar os alunos. Tente novamente.|Unable to load athletes. Please try again.|No se pudieron cargar los alumnos. Inténtalo de nuevo.
Nenhuma academia disponível.|No gyms available.|No hay gimnasios disponibles.
Endereço não informado|Address not provided|Dirección no disponible
Bem-vindo ao ShapeUp.|Welcome to ShapeUp.|Bienvenido a ShapeUp.
Nutrição & Gasto Calórico.|Nutrition & energy expenditure.|Nutrición y gasto calórico.
Seu Perfil de Atleta.|Your athlete profile.|Tu perfil de atleta.
Seu Workspace Está Pronto.|Your workspace is ready.|Tu espacio está listo.
Calibração de Abertura|Initial setup|Configuración inicial
Fórmula de Combustível|Fuel formula|Fórmula de energía
Registro de Performance|Performance tracking|Registro de rendimiento
Setup Finalizado|Setup complete|Configuración finalizada
Continuar|Continue|Continuar
Próximo|Next|Siguiente
Finalizar|Finish|Finalizar
Configurar no diário|Set up in the diary|Configurar en el diario
Carregar foto local|Upload local photo|Subir foto local
Salvar alterações|Save changes|Guardar cambios
Alterações salvas com sucesso.|Changes saved successfully.|Cambios guardados correctamente.
Atualizar senha|Update password|Actualizar contraseña
Não configurado|Not configured|Sin configurar
Navegador atual|Current browser|Navegador actual
Nenhuma solicitação aguardando moderação.|No requests awaiting moderation.|No hay solicitudes pendientes de moderación.
Inspecionar|Inspect|Inspeccionar
Aprovar e Publicar|Approve and publish|Aprobar y publicar
Rejeitar|Reject|Rechazar
Aguardando revisão|Awaiting review|Pendiente de revisión
Adicionar Série|Add set|Añadir serie
Adicionar série|Add set|Añadir serie
Remover série|Remove set|Eliminar serie
Remover exercício|Remove exercise|Eliminar ejercicio
Substituir Exercício|Replace exercise|Sustituir ejercicio
Aquecimento|Warm-up|Calentamiento
Preparação|Preparation|Preparación
Carga Efetiva|Working set|Serie efectiva
Repetições alvo|Target reps|Repeticiones objetivo
Carga|Load|Carga
Descanso|Rest|Descanso
Voltar à biblioteca|Back to library|Volver a la biblioteca
Registro diário|Daily log|Registro diario
Registro diário neste dispositivo|Daily log on this device|Registro diario en este dispositivo
litros registrados|liters logged|litros registrados
Nenhuma orientação nova do treinador.|No new instructions from your coach.|No hay nuevas indicaciones del entrenador.
Seu Plano de Treinamento|Your training program|Tu plan de entrenamiento
Seu treino aparecerá aqui após a prescrição.|Your workout will appear here when assigned.|Tu entrenamiento aparecerá aquí cuando sea asignado.
Nenhum feedback pendente.|No pending feedback.|No hay comentarios pendientes.
Nenhum atendimento agendado para hoje.|No appointments scheduled today.|No hay citas programadas para hoy.
Responder Aluno|Reply to athlete|Responder al alumno
Sem ficha|No program|Sin rutina
Sem registro|No record|Sin registro
Sem periodização|No periodization|Sin periodización
Objetivo não informado|Goal not provided|Objetivo no informado
Sem agendamento|No appointment|Sin cita
Próximo atendimento|Next appointment|Próxima cita
Plano de treinamento|Training program|Plan de entrenamiento
Prescrição e acompanhamento|Programming and tracking|Prescripción y seguimiento
Anexar áudio|Attach audio|Adjuntar audio
Sessão A — Cadeira Posterior & Extensão de Quadril|Session A — Posterior chain & hip extension|Sesión A — Cadena posterior y extensión de cadera
"Parei de perder meus domingos inteiros montando planilhas no computador. Com o ShapeUp eu atualizo a ficha do atleta no intervalo entre os atendimentos presenciais."|"I stopped spending my Sundays making spreadsheets. With ShapeUp I update programs between coaching appointments."|"Dejé de pasar los domingos creando hojas de cálculo. Con ShapeUp actualizo las rutinas entre citas."
Personal Trainer • São Paulo|Personal trainer • São Paulo|Entrenador personal • São Paulo
"Meus alunos finalmente registram as cargas que levantam. O app é direto, sem propagandas ou distrações infantis que atrapalham o ritmo do treino."|"My athletes finally log their loads. The app is straightforward, without ads or distractions that interrupt training."|"Mis alumnos por fin registran sus cargas. La app es directa, sin anuncios ni distracciones que interrumpan el entrenamiento."
Treinadora de Força • Curitiba|Strength coach • Curitiba|Entrenadora de fuerza • Curitiba
"Resolveu duas dores ao mesmo tempo no nosso estúdio: a cobrança automática via Pix todo dia 5 e o controle de fichas unificado para os três professores."|"It solved two problems in our studio: automatic Pix billing and shared program management for all three coaches."|"Resolvió dos problemas del estudio: cobros automáticos por Pix y gestión compartida de rutinas para los tres profesores."
Gestor do Estúdio Atlas • Belo Horizonte|Atlas studio manager • Belo Horizonte|Gestor del estudio Atlas • Belo Horizonte
O ambiente de demonstração permite que você monte um treino de teste, navegue pela lista de alunos fictícios e veja a visão exata que o atleta recebe no celular.|The demo lets you build a sample workout and explore the athlete experience.|La demostración permite crear un entrenamiento de prueba y explorar la experiencia del atleta.
• 1 Treinador configurado|• 1 coach configured|• 1 entrenador configurado
• 3 Alunos com históricos preenchidos|• 3 sample athletes with history|• 3 alumnos de ejemplo con historial
• Biblioteca com mais de 300 exercícios pronta para uso|• Exercise library ready to use|• Biblioteca de ejercicios lista para usar
© 2025 ShapeUp Tecnologia Ltda. Desenvolvido para a prática real do treinamento físico.|© 2025 ShapeUp Tecnologia Ltda. Built for real training.|© 2025 ShapeUp Tecnologia Ltda. Desarrollado para el entrenamiento real.
Ativação de Conta|Account activation|Activación de cuenta
Defina suas credenciais para vincular seu perfil e acessar sua rotina.|Set your credentials to link your profile and access your routine.|Define tus credenciales para vincular tu perfil y acceder a tu rutina.
Nome Completo|Full name|Nombre completo
Convite exclusivo enviado para este endereço.|An exclusive invitation was sent to this address.|Se envió una invitación exclusiva a esta dirección.
Celular / WhatsApp|Mobile / WhatsApp|Móvil / WhatsApp
Usado para recados e avisos sobre sua periodização.|Used for updates about your training program.|Se usa para avisos sobre tu programa de entrenamiento.
Confirmar Senha|Confirm password|Confirmar contraseña
Li e concordo com os|I have read and agree to the|He leído y acepto los
e a|and the|y la
Política de Privacidade|Privacy policy|Política de privacidad
Ativar conta e entrar|Activate account and sign in|Activar cuenta e iniciar sesión
Ao ativar, você terá acesso imediato às planilhas e orientações do seu treinador.|After activation, you can access your coach's programs and instructions.|Tras activar la cuenta podrás acceder a las rutinas e indicaciones de tu entrenador.
Mínimo 8 caracteres|At least 8 characters|Mínimo 8 caracteres
Alternar exibição da senha|Toggle password visibility|Alternar visibilidad de contraseña
Repita a senha|Repeat password|Repite la contraseña
Alternar exibição da confirmação de senha|Toggle confirmation visibility|Alternar visibilidad de confirmación
Convite de treinamento|Training invitation|Invitación de entrenamiento
Complete seu cadastro para aceitar o convite e acessar seu espaço de treinamento no ShapeUp.|Complete registration to accept the invitation and access ShapeUp.|Completa el registro para aceptar la invitación y acceder a ShapeUp.
Conta & Preferências|Account & preferences|Cuenta y preferencias
Mensagens|Messages|Mensajes
Descartar|Discard|Descartar
Configurações da Conta|Account settings|Configuración de la cuenta
Gerencie suas informações profissionais, convenções métricas de prescrição, notificações e segurança de acesso.|Manage professional details, training conventions, notifications and account security.|Gestiona tus datos profesionales, convenciones de entrenamiento, notificaciones y seguridad.
Perfil & Registro|Profile & registration|Perfil y registro
Notação & Treino|Notation & training|Notación y entrenamiento
Notificações|Notifications|Notificaciones
Segurança & Sessões|Security & sessions|Seguridad y sesiones
Perfil & Identidade Profissional|Professional profile & identity|Perfil e identidad profesional
Dados exibidos nas planilhas, assinaturas digitais de laudos e perfil visível para os atletas.|Details shown in programs, reports and your athlete-facing profile.|Datos que aparecen en rutinas, informes y en el perfil visible para los atletas.
Alterar foto|Change photo|Cambiar foto
Remover|Remove|Eliminar
Registro CREF / Regional|CREF / regional registration|Registro CREF / regional
Telefone operacional|Contact phone|Teléfono de contacto
Especialidade & Biografia curta|Specialty & short biography|Especialidad y biografía breve
Unidade principal de atendimento|Primary facility|Unidad principal
Notação de Treino & Biomecânica|Training notation & biomechanics|Notación de entrenamiento y biomecánica
Padrões metrológicos adotados na montagem de planilhas e no aplicativo móvel dos seus atletas.|Measurement standards used in programs and the athlete app.|Estándares de medida usados en rutinas y en la app del atleta.
Sistema de unidades|Unit system|Sistema de unidades
Cálculo de volume e tonelagem acumulada.|Volume and accumulated tonnage calculation.|Cálculo de volumen y tonelaje acumulado.
Métrico (kg / cm)|Metric (kg / cm)|Métrico (kg / cm)
Imperial (lbs / in)|Imperial (lbs / in)|Imperial (lbs / in)
Formato de cadência (TUT)|Tempo format (TUT)|Formato de cadencia (TUT)
Convenção para prescrição de tempo sob tensão.|Time-under-tension notation.|Notación del tiempo bajo tensión.
4 dígitos (Exc-Pausa-Conc-Pausa, ex: 3-0-1-0)|4 digits (ecc-pause-con-pause, e.g. 3-0-1-0)|4 dígitos (exc-pausa-conc-pausa, ej. 3-0-1-0)
3 dígitos (Exc-Pausa-Conc, ex: 3-1-1)|3 digits (ecc-pause-con, e.g. 3-1-1)|3 dígitos (exc-pausa-conc, ej. 3-1-1)
Tempo total por repetição (ex: 4s contínuos)|Total time per rep (e.g. 4 continuous seconds)|Tiempo total por repetición (ej. 4 s continuos)
Métrica de percepção de esforço|Effort metric|Métrica de esfuerzo percibido
Guia padrão para autorregulação de séries principais.|Default guide for working-set autoregulation.|Guía de autorregulación de las series principales.
RPE (Escala Borg 1–10)|RPE (Borg scale 1–10)|RPE (escala de Borg 1–10)
RIR (Repetições na reserva)|RIR (reps in reserve)|RIR (repeticiones en reserva)
Incremento mínimo de carga|Minimum load increment|Incremento mínimo de carga
Arredondamento automático em sugestões de progressão de carga.|Automatic rounding for load progression suggestions.|Redondeo automático de las sugerencias de carga.
0,5 kg (Fracionado)|0.5 kg (fractional)|0,5 kg (fraccionado)
2,5 kg (Padrão anilhas)|2.5 kg (standard plates)|2,5 kg (discos estándar)
Notificações & Alertas|Notifications & alerts|Notificaciones y alertas
Controle o volume e os canais de recebimento de atualizações da sua carteira de atletas.|Control notification frequency and channels for your athletes.|Controla la frecuencia y los canales de las notificaciones de tus atletas.
Check-ins de treino concluídos|Completed workout check-ins|Registros de entrenamientos completados
Receba um e-mail instantâneo quando um atleta finalizar a sessão prescrita.|Receive an email when an athlete completes a session.|Recibe un correo cuando un atleta complete una sesión.
Resumo diário de feedbacks|Daily feedback summary|Resumen diario de comentarios
Compilado matinal com notas de esforço, dores articulares relatadas e vídeos anexados pelos alunos.|Morning summary of effort ratings, reported pain and athlete videos.|Resumen matinal de esfuerzo, dolor reportado y vídeos de alumnos.
Alerta de sobrecarga e queda de rendimento|Overload and performance alerts|Alertas de sobrecarga y rendimiento
Notificação imediata se um atleta reportar RPE acima de 9 por 3 sessões seguidas ou queda de velocidade de execução.|Notify when an athlete reports RPE above 9 for three consecutive sessions or reduced movement speed.|Notificar si un atleta reporta RPE superior a 9 durante tres sesiones seguidas o menor velocidad.
Autenticação de dois fatores, alteração de senha de acesso e aparelhos atualmente logados.|Two-factor authentication, password changes and signed-in devices.|Autenticación en dos pasos, cambio de contraseña y dispositivos conectados.
Senha de acesso|Account password|Contraseña de acceso
Autenticação em duas etapas (2FA)|Two-factor authentication (2FA)|Autenticación en dos pasos (2FA)
Google Authenticator ou chave de segurança de hardware.|Google Authenticator or hardware security key.|Google Authenticator o llave de seguridad física.
Reconfigurar|Reconfigure|Reconfigurar
Sessões ativas|Active sessions|Sesiones activas
Encerrar outras sessões|Sign out other sessions|Cerrar otras sesiones
Esta sessão|This session|Esta sesión
Encerrar|Sign out|Cerrar sesión
Setup Guiado|Guided setup|Configuración guiada
de 04 ·|of 04 ·|de 04 ·
Metas & Periodização|Goals & periodization|Objetivos y periodización
Nutrição & NEAT|Nutrition & NEAT|Nutrición y NEAT
Perfil de Atleta|Athlete profile|Perfil de atleta
Pular e configurar depois|Skip and set up later|Omitir y configurar después
Vamos calibrar seu ponto de partida para estruturar o primeiro ciclo de treinamento com intensidade precisa.|Set your starting point to structure your first training cycle.|Define tu punto de partida para estructurar el primer ciclo de entrenamiento.
Guia Tático|Training guide|Guía de entrenamiento
"Personalize os parâmetros iniciais. Você ou seu treinador poderão ajustar tudo a qualquer momento no workspace."|"Customize your starting settings. You or your coach can adjust them anytime."|"Personaliza tus parámetros iniciales. Tú o tu entrenador pueden ajustarlos en cualquier momento."
Algoritmo Adaptativo Ativo|Adaptive algorithm active|Algoritmo adaptativo activo
1. Objetivo Principal (Próximos 90 Dias)|1. Main goal (next 90 days)|1. Objetivo principal (próximos 90 días)
Direcionador motor|Training direction|Dirección del entrenamiento
Hipertrofia & Força Máxima|Hypertrophy & maximal strength|Hipertrofia y fuerza máxima
Padrão|Default|Predeterminado
Foco em sobrecarga progressiva, tensão mecânica contínua e acúmulo de volume ótimo.|Focus on progressive overload, mechanical tension and optimal volume.|Enfoque en sobrecarga progresiva, tensión mecánica y volumen óptimo.
Recomposição Corporal|Body recomposition|Recomposición corporal
Equilíbrio estrito de densidade muscular sob déficit calórico controlado.|Preserve muscle with a controlled calorie deficit.|Preserva el músculo con un déficit calórico controlado.
Condicionamento & Potência|Conditioning & power|Acondicionamiento y potencia
Desenvolvimento de taxa de produção de força (RFD) e capacidade de trabalho metabólica.|Develop rate of force development and metabolic work capacity.|Desarrolla la tasa de producción de fuerza y la capacidad de trabajo metabólico.
Longevidade & Saúde Articular|Longevity & joint health|Longevidad y salud articular
Amplitude ativa, integridade tendínea e controle motor preventivo de lesões.|Active range of motion, tendon health and motor control.|Rango de movimiento activo, salud tendinosa y control motor.
2. Frequência de Treino Semanal|2. Weekly training frequency|2. Frecuencia semanal de entrenamiento
Dias de compromisso|Training days|Días de entrenamiento
2 a 3 Dias|2 to 3 days|2 a 3 días
Full Body / Compacto|Full body / compact|Cuerpo completo / compacto
4 a 5 Dias|4 to 5 days|4 a 5 días
Push-Pull-Legs / Ótimo|Push-pull-legs / optimal|Empuje-tirón-piernas / óptimo
6 Dias|6 days|6 días
Alto Volume Avançado|Advanced high volume|Volumen alto avanzado
3. Nível de Experiência em Musculação|3. Strength training experience|3. Experiencia en musculación
Tempo contínuo|Consistent training time|Tiempo de entrenamiento continuo
Iniciante < 1 ano|Beginner < 1 year|Principiante < 1 año
Intermediário 1-3 anos|Intermediate 1–3 years|Intermedio 1–3 años
Avançado 3+ anos|Advanced 3+ years|Avanzado 3+ años
Todos os parâmetros podem ser refinados no editor.|All settings can be adjusted in the editor.|Todos los parámetros se pueden ajustar en el editor.
Avançar para Nutrição|Continue to nutrition|Continuar a nutrición
1. Direção Metabólica Primária|1. Primary metabolic goal|1. Objetivo metabólico principal
Ajuste calórico basal|Baseline calorie adjustment|Ajuste calórico basal
Déficit Sustentável|Sustainable deficit|Déficit sostenible
-350 kcal / dia|-350 kcal / day|-350 kcal / día
Oxidação de gordura sem perda muscular proteica.|Fat loss while preserving muscle.|Pérdida de grasa conservando músculo.
Manutenção & Recomp|Maintenance & recomp|Mantenimiento y recomposición
Iso-calórico equilibrado|Balanced calorie maintenance|Mantenimiento calórico equilibrado
Foco puro em troca de massa gorda por densidade magra.|Focus on reducing fat and building lean mass.|Enfoque en reducir grasa y aumentar masa magra.
Superávit Construtivo|Muscle-building surplus|Superávit constructivo
+250 kcal / dia|+250 kcal / day|+250 kcal / día
Ganhos expressivos de massa hipertrófica.|Build muscle mass.|Aumenta la masa muscular.
2. Nível de Atividade Extra-Treino (NEAT)|2. Activity outside training (NEAT)|2. Actividad fuera del entrenamiento (NEAT)
Passos e rotina diária|Steps and daily routine|Pasos y rutina diaria
Trabalho Sentado / Mesa|Seated / desk work|Trabajo sentado / escritorio
Passividade motora prolongada (< 5.000 passos/dia)|Mostly sedentary (< 5,000 steps/day)|Mayormente sedentario (< 5.000 pasos/día)
Moderadamente Ativo|Moderately active|Moderadamente activo
Deslocamentos regulares a pé (7.500 - 10.000 passos/dia)|Regular walking (7,500–10,000 steps/day)|Caminatas regulares (7.500–10.000 pasos/día)
1.4x (Recomendado)|1.4x (recommended)|1.4x (recomendado)
Muito Ativo / Em Pé|Very active / standing|Muy activo / de pie
Rotina de chão de fábrica, saúde ou educação física (> 12.000 passos)|Factory, healthcare or physical education work (> 12,000 steps)|Trabajo industrial, sanitario o de educación física (> 12.000 pasos)
3. Alquimia de Macronutrientes Padrão|3. Default macro distribution|3. Distribución de macronutrientes
Fórmula Metabólica 40 / 35 / 25|Macro split 40 / 35 / 25|Distribución 40 / 35 / 25
40% Proteína|40% protein|40% proteína
2.2g / kg peso|2.2g / kg body weight|2.2g / kg de peso
35% Carboidratos|35% carbohydrates|35% carbohidratos
Energia glicolítica|Glycolytic energy|Energía glucolítica
25% Gorduras|25% fats|25% grasas
Suporte hormonal|Hormonal support|Soporte hormonal
Metabolismo calculado via Harris-Benedict refinado.|Metabolism estimated using Harris–Benedict.|Metabolismo estimado mediante Harris–Benedict.
Avançar para Perfil Físico|Continue to physical profile|Continuar al perfil físico
1. Registro Antropométrico & Foto|1. Body measurements & photo|1. Medidas corporales y foto
Identificação do atleta|Athlete identity|Identificación del atleta
Esses dados ajustam automaticamente a curva de intensidade das cargas no diário de bordo.|These details help personalize training intensity.|Estos datos ayudan a personalizar la intensidad del entrenamiento.
Foto de Perfil ou Snapshot Físico|Profile or progress photo|Foto de perfil o de progreso
O Ryno registrará sua evolução visual a cada ciclo de 4 semanas.|Track visual progress through each four-week cycle.|Sigue tu evolución visual en cada ciclo de cuatro semanas.
Nome ou Tag de Treino|Name or training tag|Nombre o alias de entrenamiento
Local / Academia Habitual|Usual gym / location|Gimnasio / lugar habitual
Peso Corporal Atual (kg)|Current body weight (kg)|Peso corporal actual (kg)
Estatura Corporal (cm)|Height (cm)|Estatura (cm)
Taxa Metabólica Basal Estimada:|Estimated basal metabolic rate:|Tasa metabólica basal estimada:
Etapa 3 de 4 concluída|Step 3 of 4 complete|Etapa 3 de 4 completada
Concluir & Criar Workspace|Finish & create workspace|Finalizar y crear espacio
Tudo calibrado e pronto para o primeiro ciclo!|Ready for your first cycle!|¡Todo listo para el primer ciclo!
Seu ambiente foi parametrizado com base nos seus dados de hipertrofia, frequência e balanço calórico.|Your preferences are ready for your training routine.|Tus preferencias están listas para tu rutina.
Módulo 01|Module 01|Módulo 01
Periodização PPL|PPL periodization|Periodización PPL
Push / Pull / Legs otimizado para 4-5 dias.|Push / pull / legs for 4–5 days.|Empuje / tirón / piernas para 4–5 días.
Módulo 02|Module 02|Módulo 02
Metabolismo Ativo|Active metabolism|Metabolismo activo
Macro Split de 40% Proteína configurado.|40% protein macro split configured.|Distribución con 40% de proteína configurada.
Módulo 03|Module 03|Módulo 03
Command Bar Ativa|Command bar enabled|Barra de comandos activa
Use|Use|Usa
a qualquer momento.|at any time.|en cualquier momento.
Acessar Meu Workspace ShapeUp|Open my ShapeUp workspace|Abrir mi espacio ShapeUp
Dica do Ryno: Você pode refazer este setup a qualquer momento na engrenagem superior.|Ryno tip: You can update these settings anytime.|Consejo de Ryno: Puedes ajustar estas preferencias en cualquier momento.
Atleta|Athlete|Atleta
Rotina|Routine|Rutina
Treinos & Planos|Workouts & plans|Entrenamientos y planes
Diário de Nutrição|Nutrition diary|Diario nutricional
Explorar Academias|Explore gyms|Explorar gimnasios
Sistema|System|Sistema
Aluno Pro|Pro athlete|Alumno Pro
Mesociclo de Hipertrofia|Hypertrophy mesocycle|Mesociclo de hipertrofia
Semana 3 de 6|Week 3 of 6|Semana 3 de 6
Sincronizado:|Synced:|Sincronizado:
Iniciar Treino de Hoje|Start today's workout|Iniciar el entrenamiento de hoy
Histórico de Cargas|Load history|Historial de cargas
Ver Séries de Hoje|View today's sets|Ver las series de hoy
Frequência|Frequency|Frecuencia
meta no ritmo|on track|en buen camino
Volume Semanal|Weekly volume|Volumen semanal
kg tonelagem|kg tonnage|kg de tonelaje
Nutrição Diária|Daily nutrition|Nutrición diaria
Proteína:|Protein:|Proteína:
Hidratação|Hydration|Hidratación
Exercícios Prescritos para Hoje|Today's prescribed exercises|Ejercicios prescritos para hoy
Siga a ordem prescrita para preservar sinergia neuromuscular.|Follow the prescribed order.|Sigue el orden prescrito.
Pedir substituição ao treinador|Request an exercise replacement|Pedir sustitución al entrenador
Histórico de Volume|Volume history|Historial de volumen
Feedback do Treinador|Coach feedback|Comentarios del entrenador
Treinador Responsável|Assigned coach|Entrenador responsable
Responder ao Rodrigo|Reply to coach|Responder al entrenador
Visto pelo atleta|Seen by athlete|Visto por el atleta
Abrir diário|Open diary|Abrir diario
Marcar como concluído|Mark as completed|Marcar como completado
Segunda|Monday|Lunes
Terça|Tuesday|Martes
Quarta (Descanso)|Wednesday (rest)|Miércoles (descanso)
Quinta|Thursday|Jueves
Sexta|Friday|Viernes
Sábado (Hoje)|Saturday (today)|Sábado (hoy)
Domingo|Sunday|Domingo
Prescrição & Consultoria|Programming & coaching|Prescripción y asesoría
Treinador Master|Head coach|Entrenador principal
Treinos|Workouts|Entrenamientos
Sincronizado na nuvem|Synced to cloud|Sincronizado en la nube
Salvar Rascunho|Save draft|Guardar borrador
Modo Aluno|Athlete view|Vista del alumno
Publicar Treino|Publish workout|Publicar entrenamiento
Semana 5 de 12|Week 5 of 12|Semana 5 de 12
Prescrito para|Assigned to|Prescrito para
Divisão|Split|División
(5 dias/sem)|(5 days/week)|(5 días/semana)
séries totais|total sets|series totales
Foco Prioritário|Priority focus|Enfoque principal
Glúteo & Quadríceps|Glutes & quadriceps|Glúteos y cuádriceps
RPE Alvo Médio|Average target RPE|RPE objetivo medio
Treino A|Workout A|Entrenamiento A
Treino B|Workout B|Entrenamiento B
Treino C|Workout C|Entrenamiento C
Treino D|Workout D|Entrenamiento D
Treino E|Workout E|Entrenamiento E
Quadríceps & Panturrilha|Quadriceps & calves|Cuádriceps y pantorrillas
Costas & Bíceps|Back & biceps|Espalda y bíceps
Glúteos & Posteriores|Glutes & hamstrings|Glúteos e isquiotibiales
Peitoral & Ombros|Chest & shoulders|Pecho y hombros
Ênfase Posterior & Core|Posterior chain & core|Cadena posterior y core
Nova Aba|New tab|Nueva pestaña
Exercícios Prescritos|Prescribed exercises|Ejercicios prescritos
Reordenar Ordem|Reorder exercises|Reordenar ejercicios
Descanso padrão:|Default rest:|Descanso predeterminado:
Agachamento Livre com Barra|Barbell back squat|Sentadilla libre con barra
Barra Olímpica|Olympic barbell|Barra olímpica
Composto Primário|Primary compound|Compuesto principal
Alvo principal:|Primary target:|Objetivo principal:
Quadríceps & Glúteo Máximo|Quadriceps & gluteus maximus|Cuádriceps y glúteo mayor
Descanso sugerido: 120s|Suggested rest: 120s|Descanso sugerido: 120s
SÉRIE|SET|SERIE
TIPO DE SÉRIE|SET TYPE|TIPO DE SERIE
CARGA|LOAD|CARGA
REPETIÇÕES ALVO|TARGET REPS|REPETICIONES OBJETIVO
RPE ALVO|TARGET RPE|RPE OBJETIVO
DESCANSO|REST|DESCANSO
Ação|Action|Acción
AÇÃO|ACTION|ACCIÓN
Instrução técnica:|Technique instructions:|Instrucciones técnicas:
Barra + Banco|Barbell + bench|Barra + banco
Glúteo Máximo|Gluteus maximus|Glúteo mayor
Adicionar da Biblioteca ShapeUp|Add from ShapeUp library|Añadir de la biblioteca ShapeUp
Criar Exercício Personalizado|Create custom exercise|Crear ejercicio personalizado
Estímulo Treino A:|Workout A stimulus:|Estímulo del entrenamiento A:
Quadríceps:|Quadriceps:|Cuádriceps:
Glúteo:|Glutes:|Glúteos:
Panturrilha:|Calves:|Pantorrillas:
Sair da Conta|Sign out|Cerrar sesión
Visualizar exatamente como o aluno verá no app|Preview the athlete's app view|Previsualizar la vista del alumno
Mais opções|More options|Más opciones
Suporte Rápido|Quick support|Soporte rápido
Assistente do Treinador|Coach assistant|Asistente del entrenador
Prescrição & Treinamento|Programming & training|Prescripción y entrenamiento
Acompanhamento & Gestão|Tracking & management|Seguimiento y gestión
Lista|List|Lista
Cards|Cards|Tarjetas
Mais Usados|Most used|Más usados
Novo Exercício|New exercise|Nuevo ejercicio
Grupo:|Group:|Grupo:
Peitoral|Chest|Pecho
Dorsal / Costas|Lats / back|Dorsales / espalda
Quadríceps|Quadriceps|Cuádriceps
Glúteos & Posterior|Glutes & hamstrings|Glúteos e isquiotibiales
Ombros|Shoulders|Hombros
Bíceps|Biceps|Bíceps
Tríceps|Triceps|Tríceps
Abdômen / Core|Abs / core|Abdomen / core
Equipamento:|Equipment:|Equipo:
Barra|Barbell|Barra
Halteres|Dumbbells|Mancuernas
Polia / Cabo|Pulley / cable|Polea / cable
Máquina|Machine|Máquina
Peso Corporal|Body weight|Peso corporal
ORDENAR:|SORT:|ORDENAR:
Taxa de Uso (% Alunos)|Usage rate (% athletes)|Uso (% alumnos)
Ordem Alfabética (A-Z)|Alphabetical (A–Z)|Alfabético (A–Z)
Grupo Muscular|Muscle group|Grupo muscular
Selecione uma linha para inspecionar guia biomecânico|Select a row to inspect the movement guide|Selecciona una fila para ver la guía de movimiento
Maior Demanda / Composto|Higher demand / compound|Mayor demanda / compuesto
CÓDIGO|CODE|CÓDIGO
EXERCÍCIO & MÚSCULO ALVO|EXERCISE & TARGET MUSCLE|EJERCICIO Y MÚSCULO OBJETIVO
EQUIPAMENTO|EQUIPMENT|EQUIPO
PADRÃO MOTOR|MOVEMENT PATTERN|PATRÓN DE MOVIMIENTO
REFERÊNCIA|REFERENCE|REFERENCIA
USO|USAGE|USO
AÇÕES|ACTIONS|ACCIONES
Quadríceps & Glúteos|Quadriceps & glutes|Cuádriceps y glúteos
Supino Reto com Barra|Barbell bench press|Press de banca con barra
Peitoral Maior|Pectoralis major|Pectoral mayor
Puxada Alta Pronada|Overhand lat pulldown|Jalón al pecho pronado
Grande Dorsal|Latissimus dorsi|Dorsal ancho
Polia Alta|High pulley|Polea alta
Leg Press 45° Inclinado|45° leg press|Prensa de piernas a 45°
Máquina 45°|45° machine|Máquina a 45°
RDL (Stiff com Halteres)|Dumbbell Romanian deadlift|Peso muerto rumano con mancuernas
Isquiotibiais|Hamstrings|Isquiotibiales
Elevação Lateral na Polia|Cable lateral raise|Elevación lateral en polea
Deltoide Lateral|Lateral deltoid|Deltoides lateral
Polia Baixa|Low pulley|Polea baja
Isolador|Isolation|Aislamiento
Cadeira Extensora Unilateral|Single-leg extension|Extensión de piernas unilateral
Reto Femoral|Rectus femoris|Recto femoral
Anterior|Previous|Anterior
Próxima|Next|Siguiente
Sincronizado com o Banco Nacional ShapeUp|Synced with the ShapeUp library|Sincronizado con la biblioteca ShapeUp
Séries|Sets|Series
Repetições|Repetitions|Repeticiones
Ativação Primária & Sinergistas|Primary activation & synergists|Activación principal y sinergistas
Diretrizes Técnicas de Execução|Technique guidelines|Indicaciones técnicas
Ponto Crítico & Compensações|Critical points & compensations|Puntos críticos y compensaciones
Substituições Mecânicas Equivalentes|Equivalent exercise alternatives|Sustituciones equivalentes
Adicionar à Ficha do Aluno|Add to athlete's program|Añadir a la rutina del alumno
Copiar|Copy|Copiar
Exercício adicionado à ficha com sucesso!|Exercise added to the program!|¡Ejercicio añadido a la rutina!
Sistema Online|System online|Sistema conectado
Buscar exercício por nome, músculo ou equipamento...|Search by exercise, muscle or equipment...|Buscar por ejercicio, músculo o equipo...
Inserir na Ficha|Add to program|Añadir a la rutina
Fechar Painel|Close panel|Cerrar panel
Copiar Parâmetros|Copy parameters|Copiar parámetros
Definir na ficha|Set in program|Definir en la rutina
Treinadores|Coaches|Entrenadores
Visão Operacional|Operational overview|Vista operativa
+ Matricular Aluno|+ Enroll athlete|+ Inscribir alumno
+ Novo Treino|+ New workout|+ Nuevo entrenamiento
Sincronização em tempo real ativa|Live sync enabled|Sincronización en tiempo real activa
Treinamento Hoje|Training today|Entrenamiento de hoy
Revisões Pendentes|Pending reviews|Revisiones pendientes
Atenção|Attention|Atención
Necessitam ajuste de ciclo ou volume|Cycle or volume adjustment needed|Necesitan ajuste de ciclo o volumen
Adesão Semanal|Weekly adherence|Adherencia semanal
Próxima Sessão|Next session|Próxima sesión
Carteira de Alunos & Status Semanal|Athletes & weekly status|Alumnos y estado semanal
Visão rápida de execução, consistência e ciclo vigente|Overview of execution, consistency and current cycle|Resumen de ejecución, constancia y ciclo actual
Aluno & Objetivo|Athlete & goal|Alumno y objetivo
Último Treino|Last workout|Último entrenamiento
Freq. Semanal|Weekly frequency|Frecuencia semanal
Periodização|Periodization|Periodización
Ações Rápidas|Quick actions|Acciones rápidas
Abrir Ficha|Open program|Abrir rutina
Ver listagem completa da carteira|View all athletes|Ver todos los alumnos
Agenda de Hoje|Today's schedule|Agenda de hoy
Abrir grade semanal completa|Open weekly schedule|Abrir agenda semanal
Feedbacks em Aberto|Open feedback|Comentarios pendientes
Comentários registrados após sessões|Post-session comments|Comentarios después de las sesiones
Responder & Ajustar Treino|Reply & adjust workout|Responder y ajustar entrenamiento
Encerrar Sessão|Sign out|Cerrar sesión
Buscar aluno por nome, CPF ou objetivo...|Search by athlete, ID or goal...|Buscar por alumno, documento u objetivo...
Abrir Ficha de Treino|Open training program|Abrir rutina de entrenamiento
Ajustar Cargas|Adjust loads|Ajustar cargas
Periodizar Próximo Ciclo|Plan next cycle|Periodizar próximo ciclo
Cobrar no WhatsApp|Send WhatsApp reminder|Enviar recordatorio por WhatsApp
Ver Histórico|View history|Ver historial
Sessões registradas hoje|Sessions logged today|Sesiones registradas hoy
Aderência registrada pelos alunos|Recorded athlete adherence|Adherencia registrada por los alumnos
Plano Ativo|Active plan|Plan activo
Hipertrofia Fase 2|Hypertrophy phase 2|Hipertrofia fase 2
Sincronizado em tempo real|Synced in real time|Sincronizado en tiempo real
Exportar PDF|Export PDF|Exportar PDF
Registrar Refeição|Log meal|Registrar comida
Atleta ativo|Active athlete|Atleta activo
Meta diária prescrita:|Prescribed daily goal:|Objetivo diario prescrito:
Ontem|Yesterday|Ayer
Amanhã|Tomorrow|Mañana
Total Calórico|Total calories|Calorías totales
Restam|Remaining|Restan
Proteínas|Protein|Proteínas
Meta:|Goal:|Objetivo:
Carboidratos|Carbohydrates|Carbohidratos
Gorduras|Fats|Grasas
Faltam|Remaining|Faltan
até 22:00|by 22:00|hasta las 22:00
Alimento / Item|Food / item|Alimento / artículo
Porção|Serving|Porción
Calorias|Calories|Calorías
Adicionar Alimento|Add food|Añadir alimento
Pesagem aferida em balança de precisão|Measured on a precision scale|Medido con una báscula de precisión
Nota da prescrição:|Prescription note:|Nota de la prescripción:
Aporte adequado para recuperação pós-sessão de membros inferiores.|Intake for recovery after lower-body training.|Ingesta para la recuperación tras entrenar el tren inferior.
Planejada (Pendente de consumo)|Planned (not consumed)|Planificada (sin consumir)
Alimento Prescrito|Prescribed food|Alimento prescrito
Confirmar Ingestão|Confirm intake|Confirmar ingesta
Substituir Alimento|Replace food|Sustituir alimento
Janela sugerida: 16:15 - 16:45|Suggested time: 16:15–16:45|Horario sugerido: 16:15–16:45
Planejada Noturna|Planned evening meal|Cena planificada
Lembrar Atleta|Remind athlete|Recordar al atleta
Aderência Semanal ao Plano|Weekly plan adherence|Adherencia semanal al plan
Dias na Meta Calórica|Days meeting calorie goal|Días cumpliendo el objetivo calórico
5 de 6 dias|5 of 6 days|5 de 6 días
Consistência Proteica|Protein consistency|Constancia proteica
Média semanal de 2.38 g/kg atingida sem oscilações.|Weekly average of 2.38 g/kg maintained.|Promedio semanal de 2.38 g/kg mantenido.
Feedback do Atleta (Hoje)|Athlete feedback (today)|Comentarios del atleta (hoy)
Anotação do Atleta / Ajuste|Athlete note / adjustment|Nota del atleta / ajuste
Salvar Nota|Save note|Guardar nota
Alertas & Próximas Ações|Alerts & next actions|Alertas y próximas acciones
Hidratação restante:|Remaining hydration:|Hidratación restante:
para atingir o volume diário.|to reach the daily goal.|para alcanzar el objetivo diario.
Próxima pesagem de controle:|Next weight check:|Próximo control de peso:
Segunda-feira|Monday|Lunes
em jejum.|fasted.|en ayunas.
Revisão do macrociclo de hipertrofia agendada para sexta.|Hypertrophy cycle review scheduled for Friday.|Revisión del ciclo de hipertrofia programada para el viernes.
Exportar Plano Alimentar em PDF|Export meal plan as PDF|Exportar plan alimentario en PDF
Falar com o Treinador|Talk to coach|Hablar con el entrenador
Sair|Sign out|Salir
Selecionar outra data|Select another date|Seleccionar otra fecha
Ex: Manter aporte de carboidrato no jantar...|E.g. Keep carbohydrate intake at dinner...|Ej. Mantener carbohidratos en la cena...
Café da Manhã|Breakfast|Desayuno
Almoço|Lunch|Almuerzo
Jantar|Dinner|Cena
Lanche|Snack|Merienda
Lanche da Manhã|Morning snack|Media mañana
Lanche da Tarde|Afternoon snack|Merienda
Registrado no diário|Logged in diary|Registrado en el diario
Nenhuma refeição registrada nesta data.|No meals logged on this date.|No hay comidas registradas en esta fecha.
Meta não configurada|Goal not configured|Objetivo sin configurar
Salvo|Saved|Guardado
Remover alimento|Remove food|Eliminar alimento
+250 ml • Registrar água|+250 ml • Log water|+250 ml • Registrar agua
Gestão da Academia|Gym management|Gestión del gimnasio
Visão Geral|Overview|Resumen
Alunos & Matrículas|Athletes & enrollment|Alumnos e inscripciones
Grade de Aulas|Class schedule|Horario de clases
Professores & Staff|Coaches & staff|Profesores y personal
Financeiro & Controladoria|Finance & accounting|Finanzas y contabilidad
Fluxo & Cobranças|Cash flow & billing|Flujo de caja y cobros
DRE Gerencial|Management income statement|Estado de resultados
Planos & Contratos|Plans & contracts|Planes y contratos
Gerente Geral|General manager|Gerente general
Financeiro|Finance|Finanzas
Fluxo de Caixa & Recebíveis|Cash flow & receivables|Flujo de caja y cuentas por cobrar
Outubro 2024|October 2024|Octubre de 2024
Exportar DRE / Relatório|Export statement / report|Exportar estado / informe
Nova Cobrança Avulsa|New one-time charge|Nuevo cobro puntual
Gestão Financeira — Unidade Jardins|Financial management — Jardins facility|Gestión financiera — Unidad Jardins
Fechamento em andamento • Período fiscal de 01 a 31 de Outubro de 2024|Closing in progress • October 1–31, 2024|Cierre en curso • Del 1 al 31 de octubre de 2024
Gateway de pagamento conectado e operando normalmente|Payment gateway connected and operational|Pasarela de pago conectada y operativa
Receita Recorrente (MRR)|Recurring revenue (MRR)|Ingresos recurrentes (MRR)
vs mês ant.|vs last month|vs mes anterior
691 membros|691 members|691 miembros
Inadimplência do Mês|Monthly overdue payments|Morosidad mensual
(meta < 3,5%)|(target < 3.5%)|(objetivo < 3,5%)
Controlada|Controlled|Controlada
19 alunos em aberto|19 athletes overdue|19 alumnos con pagos pendientes
Ticket Médio / Aluno|Average revenue / athlete|Ingreso medio / alumno
Despesas Operacionais|Operating expenses|Gastos operativos
Folha & manutenções|Payroll & maintenance|Nómina y mantenimiento
27% rec.|27% revenue|27% ingresos
Resultado Líquido do Mês|Monthly net income|Resultado neto mensual
Margem Líquida 61%|Net margin 61%|Margen neto 61%
Saudável|Healthy|Saludable
Visão Geral & Fluxo|Overview & cash flow|Resumen y flujo
Cobranças Pendentes|Pending payments|Cobros pendientes
Renovações da Semana|Weekly renewals|Renovaciones de la semana
Distribuição de Pagamentos|Payment distribution|Distribución de pagos
Sincronizado há 4 min|Synced 4 minutes ago|Sincronizado hace 4 minutos
Fluxo de Cobranças e Transações Recentes|Recent billing and transactions|Cobros y transacciones recientes
Histórico completo consolidado de cobranças em cartão, PIX e boletos da unidade|Consolidated history of card, Pix and bank-slip payments|Historial consolidado de pagos con tarjeta, Pix y boleto
Todas|All|Todas
Pendentes|Pending|Pendientes
Falhas (3)|Failed (3)|Fallidos (3)
Aluno / Matrícula|Athlete / enrollment|Alumno / matrícula
Plano / Contrato|Plan / contract|Plan / contrato
Data & Hora|Date & time|Fecha y hora
Método de Pagamento|Payment method|Método de pago
Valor Líquido|Net amount|Importe neto
Black Anual Recorrente|Black annual recurring|Black anual recurrente
Cartão de Crédito|Credit card|Tarjeta de crédito
Confirmado|Confirmed|Confirmado
Prime Mensal|Prime monthly|Prime mensual
Cartão Não Autorizado|Card not authorized|Tarjeta no autorizada
Visa • 8841 (Saldo insuficiente)|Visa • 8841 (insufficient funds)|Visa • 8841 (saldo insuficiente)
Falha no Cartão|Card payment failed|Pago con tarjeta fallido
Tratar falha|Resolve failure|Resolver fallo
PIX Instantâneo|Instant Pix|Pix instantáneo
QR Code emitido e aguardando|QR code issued, awaiting payment|Código QR emitido, pendiente de pago
Aguardando PIX|Awaiting Pix|Pendiente de Pix
Black Anual (À vista)|Black annual (upfront)|Black anual (pago único)
Boleto Bancário|Bank payment slip|Boleto bancario
Compensação D+1 Liquidado|Settled on next business day|Liquidado al siguiente día hábil
Black Anual|Black annual|Black anual
Cartão Recorrente|Recurring card payment|Pago recurrente con tarjeta
Prime Semestral|Prime six-month plan|Prime semestral
Liquidado via PSP|Settled via PSP|Liquidado mediante PSP
Mostrando 6 de 691 cobranças registradas neste mês fiscal|Showing 6 of 691 charges this fiscal month|Mostrando 6 de 691 cobros de este mes fiscal
Cobrança Pendente • Falhas de Cartão e Inadimplência|Pending payments • Failed cards and overdue accounts|Cobros pendientes • Tarjetas fallidas y morosidad
3 pendências críticas|3 critical outstanding payments|3 pagos pendientes críticos
Alunos com transações não autorizadas ou estornadas requerendo contato ativo e regularização imediata|Athletes with declined or reversed transactions requiring follow-up|Alumnos con transacciones rechazadas o devueltas que necesitan seguimiento
Disparar Régua de Cobrança em Massa|Send bulk payment reminders|Enviar recordatorios de pago masivos
Cartão Recusado|Card declined|Tarjeta rechazada
Plano:|Plan:|Plan:
Valor Pendente:|Outstanding amount:|Importe pendiente:
Motivo:|Reason:|Motivo:
Saldo insuficiente (Visa final 8841)|Insufficient funds (Visa ending 8841)|Saldo insuficiente (Visa terminada en 8841)
Atraso:|Overdue:|Retraso:
Venceu há 2 dias|Due 2 days ago|Venció hace 2 días
Reenviar PIX|Resend Pix|Reenviar Pix
Cartão Expirado|Card expired|Tarjeta caducada
Validade do cartão expirada (Mastercard)|Card expired (Mastercard)|Tarjeta caducada (Mastercard)
Venceu ontem|Due yesterday|Venció ayer
Erro no Banco|Bank error|Error bancario
Bloqueio temporário de segurança emissor|Temporary issuer security block|Bloqueo temporal de seguridad del emisor
Venceu há 3 dias|Due 3 days ago|Venció hace 3 días
Renovações e Vencimentos da Semana|Weekly renewals and expirations|Renovaciones y vencimientos semanales
Contratos anuais e semestrais expirando nos próximos 7 dias com oportunidade de retenção comercial|Annual and six-month contracts expiring in the next 7 days|Contratos anuales y semestrales que vencen en los próximos 7 días
3 renovações ativas|3 active renewals|3 renovaciones activas
Vence 28/10|Expires Oct 28|Vence el 28/10
Vence 29/10|Expires Oct 29|Vence el 29/10
Vence 31/10|Expires Oct 31|Vence el 31/10
Frequência média:|Average frequency:|Frecuencia media:
4,2x/semana|4.2x/week|4,2x/semana
3,5x/semana|3.5x/week|3,5x/semana
1,8x/semana|1.8x/week|1,8x/semana
(Alta adesão)|(high adherence)|(alta adherencia)
(Boa adesão)|(good adherence)|(buena adherencia)
(Risco de churn)|(churn risk)|(riesgo de abandono)
R$ 2.628 / ano|R$2,628 / year|R$2.628 / año
Contatar Aluno|Contact athlete|Contactar al alumno
Oferta Retenção|Retention offer|Oferta de retención
Distribuição & Métodos de Pagamento|Distribution & payment methods|Distribución y métodos de pago
Composição das 691 mensalidades ativas e taxas médias de gateway por canal|Breakdown of 691 active subscriptions and average gateway fees|Distribución de 691 cuotas activas y comisiones medias
Split de recebíveis ativo|Receivables split enabled|Reparto de cobros activo
Composição Percentual|Percentage breakdown|Distribución porcentual
100% da carteira faturada|100% of billed accounts|100% de la cartera facturada
498 alunos recorrentes • Menor taxa de inadimplência (1,2%). Cobrança automatizada no token do gateway.|498 recurring athletes • Lower overdue rate (1.2%). Automated token billing.|498 alumnos recurrentes • Menor morosidad (1,2%). Cobro automatizado con token.
145 alunos • Liquidação imediata com taxa zero de chargeback. Notificação via webhook instantânea.|145 athletes • Instant settlement and webhook notification.|145 alumnos • Liquidación y notificación instantáneas.
48 alunos • Compensação em D+1 útil. Utilizado preferencialmente em planos anuais à vista.|48 athletes • Next-business-day settlement, mainly annual upfront plans.|48 alumnos • Liquidación al siguiente día hábil, principalmente planes anuales.
Mês Anterior|Previous month|Mes anterior
Próximo Mês|Next month|Mes siguiente
Buscar aluno, CPF ou matrícula...|Search athlete, ID or enrollment...|Buscar alumno, documento o matrícula...
Visualizar recibo|View receipt|Ver recibo
Resolver cobrança pendente|Resolve pending payment|Resolver cobro pendiente
Copiar código PIX|Copy Pix code|Copiar código Pix
Cartão Recorrente: 72%|Recurring card: 72%|Tarjeta recurrente: 72%
Boleto: 7%|Bank slip: 7%|Boleto: 7%
Administração Central|Central administration|Administración central
Visão Geral & Métricas|Overview & metrics|Resumen y métricas
Auditoria & Logs|Audit & logs|Auditoría y registros
Tenants & Academias|Tenants & gyms|Organizaciones y gimnasios
Operações de Conteúdo & Nutrição|Content & nutrition operations|Operaciones de contenido y nutrición
Administração|Administration|Administración
Moderação de Catálogo|Catalog moderation|Moderación del catálogo
pendentes na fila|pending in queue|pendientes en la cola
Atualizado agora|Updated now|Actualizado ahora
Moderação de Alimentos & Catálogo|Food & catalog moderation|Moderación de alimentos y catálogo
Curadoria de itens submetidos pela comunidade para inserção no banco oficial ShapeUp Data Engine.|Review community submissions for the official ShapeUp food database.|Revisa los alimentos enviados por la comunidad para la base oficial de ShapeUp.
Fila Pendente|Pending queue|Cola pendiente
Revisão com Alerta|Review alerts|Revisión con alertas
atenção|attention|atención
Aprovados Hoje|Approved today|Aprobados hoy
concluídos|completed|completados
Tempo Médio|Average time|Tiempo medio
/ item|/ item|/ artículo
Moderador em turno:|Current moderator:|Moderador actual:
Revisão com Divergência|Discrepancy review|Revisión con discrepancias
Rejeitados & Devolvidos|Rejected & returned|Rechazados y devueltos
Filtrar por:|Filter by:|Filtrar por:
Todos (24)|All (24)|Todos (24)
Suplementos (14)|Supplements (14)|Suplementos (14)
Refeições & Marmitas (7)|Prepared meals (7)|Comidas preparadas (7)
Padaria (3)|Bakery (3)|Panadería (3)
Clique em um registro para abrir a mesa técnica de conferência e aprovação|Select a record to inspect and review it|Selecciona un registro para inspeccionarlo y revisarlo
Ordenado por:|Sorted by:|Ordenado por:
Mais recentes|Most recent|Más recientes
Visualização ampla|Expanded view|Vista ampliada
Suplemento|Supplement|Suplemento
Rótulo anexado|Label attached|Etiqueta adjunta
Enviado por:|Submitted by:|Enviado por:
Proteína|Protein|Proteína
Carbo|Carbs|Carbohidratos
Gordura|Fat|Grasa
Alerta de Divergência|Discrepancy alert|Alerta de discrepancia
Calorias divergem dos macros (+18%)|Calories differ from macros (+18%)|Calorías diferentes de los macros (+18%)
Padaria Artesanal|Artisan bakery|Panadería artesanal
Suplemento Puro|Pure supplement|Suplemento puro
Refeição Pronta|Prepared meal|Comida preparada
Exibindo|Showing|Mostrando
cadastros pendentes|pending submissions|registros pendientes
← Anterior|← Previous|← Anterior
Página 1 de 5|Page 1 of 5|Página 1 de 5
Próxima →|Next →|Siguiente →
Mesa de Análise & Validação Técnica|Analysis & validation|Análisis y validación técnica
Suplemento em Análise|Supplement under review|Suplemento en revisión
Editar Metadados|Edit metadata|Editar metadatos
Consistência calórica dos macronutrientes: Válida|Macro calorie consistency: valid|Consistencia calórica de macros: válida
Tabela Nutricional (Porção de 30g)|Nutrition table (30g serving)|Tabla nutricional (porción de 30g)
4 kcal/g Prot & Carb • 9 kcal/g Gord|4 kcal/g protein & carbs • 9 kcal/g fat|4 kcal/g proteína y carbohidratos • 9 kcal/g grasa
Nutriente|Nutrient|Nutriente
Declarado|Declared|Declarado
Cálculo|Calculation|Cálculo
Valor Energético|Energy|Valor energético
Compatível|Compatible|Compatible
Gorduras Totais|Total fat|Grasas totales
Gorduras Saturadas|Saturated fat|Grasas saturadas
No limite|At the limit|En el límite
Fibras Alimentares|Dietary fiber|Fibra alimentaria
Sódio|Sodium|Sodio
Comprovante / Foto do Rótulo|Evidence / label photo|Comprobante / foto de etiqueta
Arquivo original|Original file|Archivo original
rotulo_tabela.jpg (Alta resolução)|label_table.jpg (high resolution)|tabla_etiqueta.jpg (alta resolución)
Ingredientes Declarados:|Declared ingredients:|Ingredientes declarados:
Validado oficialmente no banco oficial|Validated in the official database|Validado en la base oficial
Prioridade nas pesquisas e nos cardápios gerados por IA.|Priority in search and generated menus.|Prioridad en búsquedas y menús generados.
Ajustar|Adjust|Ajustar
Sessão Operacional Conectada|Operational session connected|Sesión operativa conectada
Buscar por nome do produto, marca ou EAN...|Search product name, brand or EAN...|Buscar producto, marca o EAN...
Fechar painel (Esc)|Close panel (Esc)|Cerrar panel (Esc)
Compare os valores publicados com a proposta|Compare published values with the proposal|Compara los valores publicados con la propuesta
A decisão só é aplicada após a confirmação do serviço de moderação.|The decision is applied after the moderation service confirms it.|La decisión se aplica tras la confirmación del servicio de moderación.
Proposta|Proposal|Propuesta
Plano Pro Diamond|Pro Diamond plan|Plan Pro Diamond
Até 5 km|Within 5 km|Hasta 5 km
Até 10 km|Within 10 km|Hasta 10 km
Até 25 km|Within 25 km|Hasta 25 km
18 unidades|18 facilities|18 unidades
Filtros:|Filters:|Filtros:
Com Ficha Integrada|Integrated training program|Rutina integrada
Recovery & Crioterapia|Recovery & cryotherapy|Recuperación y crioterapia
Estacionamento Valet|Valet parking|Estacionamiento con aparcacoches
Aberto 24h|Open 24 hours|Abierto 24 horas
Organizado por proximidade|Sorted by proximity|Ordenado por proximidad
Mais próximas|Nearest|Más cercanas
Ocupação estimada agora|Estimated occupancy now|Ocupación estimada ahora
Plataformas Eleiko|Eleiko platforms|Plataformas Eleiko
Pista de Sprint 30m|30m sprint track|Pista de sprint de 30m
Banheira Recovery 4°C|4°C recovery bath|Baño de recuperación a 4°C
Ver Espaço|View facility|Ver instalación
Fazer Check-in|Check in|Registrar entrada
Horário de Pico|Peak time|Hora punta
Piscina 25m Aquecida|Heated 25m pool|Piscina climatizada de 25m
Sauna Seca|Dry sauna|Sauna seca
Detalhes da unidade|Facility details|Detalles de la unidad
Box Afiliado|Affiliated box|Box afiliado
Lotação na aula do WOD|WOD class occupancy|Ocupación de la clase WOD
Remo & Bike Concept2|Concept2 rower & bike|Remo y bicicleta Concept2
Open Box Diário|Daily open gym|Gimnasio abierto a diario
Check-in liberado via App|App check-in enabled|Registro de entrada por app
8 Racks Livres|8 available racks|8 racks disponibles
Biomecânica 3D|3D biomechanics|Biomecánica 3D
Avaliação Isocinética|Isokinetic assessment|Evaluación isocinética
Aberto 24 horas|Open 24 hours|Abierto 24 horas
Navegar via Waze / Maps|Navigate with Waze / Maps|Navegar con Waze / Maps
Buscar por bairro, academia ou tipo de treino...|Search neighborhood, gym or training type...|Buscar barrio, gimnasio o tipo de entrenamiento...
Aproximar|Zoom in|Acercar
Afastar|Zoom out|Alejar
Minha Localização|My location|Mi ubicación
Idade|Age|Edad
Sexo biológico|Biological sex|Sexo biológico
Selecionar|Select|Seleccionar
Masculino|Male|Masculino
Feminino|Female|Femenino
Atividade diária|Daily activity|Actividad diaria
Sedentário|Sedentary|Sedentario
Levemente ativo|Lightly active|Ligeramente activo
Moderadamente ativo|Moderately active|Moderadamente activo
Muito ativo|Very active|Muy activo
Informe idade, sexo biológico e altura para calcular sua meta nutricional.|Enter age, biological sex and height to calculate your nutrition goal.|Indica edad, sexo biológico y altura para calcular tu objetivo nutricional.
Não foi possível salvar. Tente novamente.|Unable to save. Please try again.|No se pudo guardar. Inténtalo de nuevo.
Não foi possível carregar seu histórico de treinamento.|Unable to load your training history.|No se pudo cargar tu historial de entrenamiento.
Prévia demonstrativa • Sem cobranças reais|Demo preview • No real charges|Vista de demostración • Sin cobros reales
Histórico Calórico|Calorie history|Historial calórico
Configurar meta nutricional|Set nutrition goal|Configurar objetivo nutricional
Registre suas observações no campo abaixo.|Enter your notes below.|Registra tus observaciones a continuación.
sessões|sessions|sesiones
dias|days|días
refeições registradas|meals logged|comidas registradas
exercícios programados •|scheduled exercises •|ejercicios programados •
alunos ativos •|active athletes •|alumnos activos •
revisões pendentes •|pending reviews •|revisiones pendientes •
feedbacks aguardando revisão|feedback awaiting review|comentarios pendientes de revisión
Sincronização|Sync|Sincronización
Treinador|Coach|Entrenador
Especialistas|Specialists|Especialistas
Minha Ficha|My program|Mi rutina
Agendar Check-in|Schedule check-in|Agendar seguimiento
Enter para enviar|Enter to send|Enter para enviar
Seu Treinador|Your coach|Tu entrenador
Sua Ficha Vigente|Your current program|Tu rutina actual
Próxima sessão no app:|Next session in the app:|Próxima sesión en la app:
Suas Metas & Progresso|Your goals & progress|Tus objetivos y progreso
Instruções do Coach|Coach instructions|Indicaciones del entrenador
Documentos & Diretrizes|Documents & guidelines|Documentos e indicaciones
Ver Treino do Dia|View today's workout|Ver entrenamiento de hoy
Solicitar Ajuste na Ficha|Request program adjustment|Solicitar ajuste de rutina
Nova conversa|New conversation|Nueva conversación
Buscar treinador ou suporte...|Search coach or support...|Buscar entrenador o soporte...
Perfil do Treinador|Coach profile|Perfil del entrenador
Reproduzir áudio|Play audio|Reproducir audio
Anexar vídeo de execução|Attach exercise video|Adjuntar vídeo de ejecución
Gravar áudio|Record audio|Grabar audio
Anexar foto do treino|Attach workout photo|Adjuntar foto del entrenamiento
Carregando biblioteca…|Loading library…|Cargando biblioteca…
Selecione um exercício|Select an exercise|Selecciona un ejercicio
Exercício|Exercise|Ejercicio
Orientação não cadastrada.|No instructions available.|No hay instrucciones disponibles.
Consulte a biblioteca para selecionar uma substituição.|Choose a replacement from the library.|Elige una sustitución en la biblioteca.
Não informado|Not provided|No disponible
Biblioteca de exercícios|Exercise library|Biblioteca de ejercicios

Atleta ShapeUp|ShapeUp athlete|Atleta de ShapeUp
Recuperação dos superiores: 48h|Upper-body recovery: 48h|Recuperación del tren superior: 48 h
pronto para progressão|ready to progress|listo para progresar
Siga as orientações da sua ficha.|Follow your training plan instructions.|Sigue las indicaciones de tu rutina.
+8% vs ant.|+8% vs previous|+8% vs anterior
Meta: 28.000 kg|Target: 28,000 kg|Meta: 28.000 kg
88% atingido|88% achieved|88% alcanzado
Baseado no teste de 1RM do ciclo • RPE alvo médio: 8.5|Based on this cycle’s 1RM test • Average target RPE: 8.5|Basado en la prueba de 1RM del ciclo • RPE objetivo medio: 8,5
Ontem às 21:15|Yesterday at 21:15|Ayer a las 21:15
Quadríceps, Glúteos|Quadriceps, glutes|Cuádriceps, glúteos
Cadeira Extensora|Leg extension|Extensión de piernas
Carga:|Load:|Carga:
séries ×|sets ×|series ×
Atrasados|Behind schedule|Atrasados
Revisão|Review|Revisión
alunos em acompanhamento contínuo|athletes under ongoing coaching|alumnos en seguimiento continuo

Não foi possível carregar a biblioteca. Tente novamente.|Could not load the exercise library. Try again.|No se pudo cargar la biblioteca. Inténtalo de nuevo.
Vídeo do exercício|Exercise video|Vídeo del ejercicio
